a.s.l. Aziende Sanitarie Locali;a.s.l. n1 Triestina Dipartimento Salute Mentale;Via Aldo Barbaro XX,;34148;TRIESTE ;(TS) ;    FRIULI VENEZIA GIULIA;040-8234XX;45.61XXX 13.82XXX;info@federweb.com;
a.s.l. Aziende Sanitarie Locali;A.s.s. n.4 Medio Friuli;Viale Duodo Francesco XX,;33033;CODROIPO ;(UD) ;    FRIULI VENEZIA GIULIA;0432-9014XX;45.96XXX 12.99XXX;info@federweb.com;
a.s.l. Aziende Sanitarie Locali;A.s.s. n.4 Medio Friuli;Viale Duodo Francesco XX,;33033;CODROIPO ;(UD) ;    FRIULI VENEZIA GIULIA;0432-9091XX;45.96XXX 12.99XXX;info@federweb.com;
a.s.l. Aziende Sanitarie Locali;A.s.s. n.4 Medio Friuli Poliambulatorio;Viale Duodo Francesco XX,;33033;CODROIPO ;(UD) ;    FRIULI VENEZIA GIULIA;0432-7606XX;45.96XXX 12.99XXX;info@federweb.com;
a.s.l. Aziende Sanitarie Locali;A.s.s.n. 4 Medio Friuli;Via di Giusto Riccardo XX,;33100;UDINE ;(UD) ;    FRIULI VENEZIA GIULIA;0432-2821XX;46.07XXX 13.25XXX;info@federweb.com;
a.s.l. Aziende Sanitarie Locali;Asl - Distretto 1 -1 Triestina;Frazione Aurisina XXX, Aurisina;34011;DUINO;AURISINA ;(TS) ;    FRIULI VENEZIA GIULIA;040-39979XX;45.75XXX 13.67XXX;info@federweb.com;
a.s.l. Aziende Sanitarie Locali;Asl - Distretto 1 -1 Triestina;Via Lionello Stock X,;34135;TRIESTE ;(TS) ;    FRIULI VENEZIA GIULIA;040-39978XX;45.66XXX 13.77XXX;info@federweb.com;
a.s.l. Aziende Sanitarie Locali;Asl - Distretto 1 Opicina -1 Triestina;Via di Prosecco XX, Villa Opicina;34151;TRIESTE ;(TS) ;    FRIULI VENEZIA GIULIA;040-39978XX;45.69XXX 13.78XXX;info@federweb.com;
a.s.l. Aziende Sanitarie Locali;Asl - Distretto 2 -1 Triestina;Via Amerigo Vespucci X,;34144;TRIESTE ;(TS) ;    FRIULI VENEZIA GIULIA;040-39955XX;45.64XXX 13.77XXX;info@federweb.com;
a.s.l. Aziende Sanitarie Locali;Asl - Distretto 2 -1 Triestina;Via della Pieta X,;34129;TRIESTE ;(TS) ;    FRIULI VENEZIA GIULIA;040-39929XX;45.64XXX 13.78XXX;info@federweb.com;
a.s.l. Aziende Sanitarie Locali;Asl - Distretto 2 -1 Triestina;Campo San Giacomo XX,;34137;TRIESTE ;(TS) ;    FRIULI VENEZIA GIULIA;040-39929XX;45.64XXX 13.77XXX;info@federweb.com;
a.s.l. Aziende Sanitarie Locali;Asl - Distretto 2 -1 Triestina;Via del Muraglione X,;34137;TRIESTE ;(TS) ;    FRIULI VENEZIA GIULIA;040-34787XX;45.64XXX 13.78XXX;info@federweb.com;
a.s.l. Aziende Sanitarie Locali;Asl - Distretto 2 -1 Triestina;Via San Marco XX,;34144;TRIESTE ;(TS) ;    FRIULI VENEZIA GIULIA;040-39955XX;45.64XXX 13.77XXX;info@federweb.com;
a.s.l. Aziende Sanitarie Locali;Asl - Distretto 3 -1 Triestina;Via Giacomo Puccini XX,;34148;TRIESTE ;(TS) ;    FRIULI VENEZIA GIULIA;040-39959XX;45.62XXX 13.80XXX;info@federweb.com;
a.s.l. Aziende Sanitarie Locali;Asl - Distretto 3 -1 Triestina;Via Cesare Battisti X,;34015;MUGGIA ;(TS) ;    FRIULI VENEZIA GIULIA;040-39959XX;45.60XXX 13.76XXX;info@federweb.com;
a.s.l. Aziende Sanitarie Locali;Asl - Distretto 3 -1 Triestina;Via di Valmaura XX,;34148;TRIESTE ;(TS) ;    FRIULI VENEZIA GIULIA;040-39958XX;45.62XXX 13.78XXX;info@federweb.com;
a.s.l. Aziende Sanitarie Locali;Asl - Distretto 4 -1 Triestina;Via Giovanni Sai X,;34128;TRIESTE ;(TS) ;    FRIULI VENEZIA GIULIA;040-39974XX;45.65XXX 13.80XXX;info@federweb.com;
a.s.l. Aziende Sanitarie Locali;Asl - Distretto Alto Isontino -2 Isontina;Viale Venezia Giulia XX,;34071;CORMONS ;(GO) ;    FRIULI VENEZIA GIULIA;0481-6292XX;45.96XXX 13.46XXX;info@federweb.com;
a.s.l. Aziende Sanitarie Locali;Asl - Distretto Alto Isontino -2 Isontina;Viale Venezia Giulia XX,;34071;CORMONS ;(GO) ;    FRIULI VENEZIA GIULIA;0481-59XX;45.96XXX 13.46XXX;info@federweb.com;
a.s.l. Aziende Sanitarie Locali;Asl - Distretto Basso Isontino - Ass 2 Isontina;Via Michelangelo Buonarroti XX,;34073;GRADO ;(GO) ;    FRIULI VENEZIA GIULIA;0431-8979XX;45.67XXX 13.38XXX;info@federweb.com;
a.s.l. Aziende Sanitarie Locali;Asl - Distretto Basso Isontino - Ass 2 Isontina;Via Luigi Galvani X,;34074;MONFALCONE ;(GO) ;    FRIULI VENEZIA GIULIA;0481-4876XX;45.81XXX 13.51XXX;info@federweb.com;
a.s.l. Aziende Sanitarie Locali;Asl - Distretto di Carnia;Via Carnia Libera XXXX XX,;33028;TOLMEZZO ;(UD) ;    FRIULI VENEZIA GIULIA;0433-4888XX;46.40XXX 13.01XXX;info@federweb.com;
a.s.l. Aziende Sanitarie Locali;Asl - Distretto di Cividale Del Friuli;Via Carraria XX,;33043;CIVIDALE DEL FRIULI ;(UD) ;    FRIULI VENEZIA GIULIA;0432-17963XX;46.09XXX 13.44XXX;info@federweb.com;
a.s.l. Aziende Sanitarie Locali;Asl - Distretto di Codroipo - Ass 3;Viale Francesco Duodo XX,;33033;CODROIPO ;(UD) ;    FRIULI VENEZIA GIULIA;0432-9091XX;45.96XXX 12.98XXX;info@federweb.com;
a.s.l. Aziende Sanitarie Locali;Asl - Distretto di San Daniele - Ass 4;Viale Trento e Trieste X,;33038;SAN DANIELE DEL FRIULI ;(UD) ;    FRIULI VENEZIA GIULIA;0432-94XX;46.15XXX 13.01XXX;info@federweb.com;
a.s.l. Aziende Sanitarie Locali;Asl - Distretto di Udine - Ass 4;Via San Valentino XX,;33100;UDINE ;(UD) ;    FRIULI VENEZIA GIULIA;0432-5538XX;46.06XXX 13.24XXX;info@federweb.com;
a.s.l. Aziende Sanitarie Locali;Asl - Distretto Est -6 Friuli Occidentale;Piazzale Thomas Linteris X,;33078;SAN VITO AL TAGLIAMENTO ;(PN) ;    FRIULI VENEZIA GIULIA;0434-8417XX;45.91XXX 12.85XXX;info@federweb.com;
a.s.l. Aziende Sanitarie Locali;Asl - Distretto Est di Cervignano Del Friuli - Ass 2;Via Trieste XX,;33052;CERVIGNANO DEL FRIULI ;(UD) ;    FRIULI VENEZIA GIULIA;0431-3877XX;45.82XXX 13.34XXX;info@federweb.com;
a.s.l. Aziende Sanitarie Locali;Asl - Distretto Est di Palmanova - Aas 2;Via Molin XX,;33057;PALMANOVA ;(UD) ;    FRIULI VENEZIA GIULIA;0432-9219XX;45.90XXX 13.31XXX;info@federweb.com;
a.s.l. Aziende Sanitarie Locali;Asl - Distretto Gemonese Val Canale Canal Del Ferro - Ass 3;Piazza Rodolone X,;33013;GEMONA DEL FRIULI ;(UD) ;    FRIULI VENEZIA GIULIA;0432-9893XX;46.28XXX 13.1XXX;info@federweb.com;
a.s.l. Aziende Sanitarie Locali;Asl - Distretto Nord -6 Friuli Occidentale;Via Unita d Italia X,;33085;MANIAGO ;(PN) ;    FRIULI VENEZIA GIULIA;0427-7353XX;46.17XXX 12.71XXX;info@federweb.com;
a.s.l. Aziende Sanitarie Locali;Asl - Distretto Ovest di Latisana - Ass 2;Via Sabbionera XX,;33053;LATISANA ;(UD) ;    FRIULI VENEZIA GIULIA;0431-5293XX;45.76XXX 13.00XXX;info@federweb.com;
a.s.l. Aziende Sanitarie Locali;Asl - Distretto Ovest di San Giorgio di Nogaro - Ass 2;Via Palmanova X,;33058;SAN GIORGIO DI NOGARO ;(UD) ;    FRIULI VENEZIA GIULIA;0431-6248XX;45.83XXX 13.20XXX;info@federweb.com;
a.s.l. Aziende Sanitarie Locali;Asl - Distretto Sud -6 Friuli Occidentale;Via Xxv Aprile XX,;33082;AZZANO DECIMO ;(PN) ;    FRIULI VENEZIA GIULIA;0434-6411XX;45.88XXX 12.71XXX;info@federweb.com;
a.s.l. Aziende Sanitarie Locali;Asl - Distretto Tarcento - a.s.s. 4 Medio Friuli;Via Pietro Coianiz X,;33017;TARCENTO ;(UD) ;    FRIULI VENEZIA GIULIA;0432-7801XX;46.21XXX 13.21XXX;info@federweb.com;
a.s.l. Aziende Sanitarie Locali;Asl - Distretto Urbano -6 Friuli Occidentale;Via della Comina XX,;33170;PORDENONE ;(PN) ;    FRIULI VENEZIA GIULIA;0434-3442XX;45.99XXX 12.64XXX;info@federweb.com;
a.s.l. Aziende Sanitarie Locali;Asl - n. 1 Triestina;Via Giovanni Sai X,;34128;TRIESTE ;(TS) ;    FRIULI VENEZIA GIULIA;040-39951XX;45.65XXX 13.8XXX;info@federweb.com;
a.s.l. Aziende Sanitarie Locali;Asufc;Via Pozzuolo, XXX,;33100;UDINE ;(UD) ;    FRIULI VENEZIA GIULIA;0432-5521XX;46.0XXX 13.22XXX;info@federweb.com;
Apparecchi Acustici per Sordita'        a.s.l. Aziende Sanitarie Locali;Audionova Italia;Via Gian Battista Garzarolli, XXX/A,;34170;GORIZIA ;(GO) ;    FRIULI VENEZIA GIULIA;XX;45.931XXX 13.620XXX;info@federweb.com;
Apparecchi Acustici per Sordita'        a.s.l. Aziende Sanitarie Locali;Audionova Italia;Via Roma, XX/F,;34077;RONCHI DEI LEGIONARI ;(GO) ;    FRIULI VENEZIA GIULIA;XX;45.8XXX 13.501XXX;info@federweb.com;
Apparecchi Acustici per Sordita'        a.s.l. Aziende Sanitarie Locali;Audionova Italia;Viale Venezia, XXX/D Presso Friulmedica,;33033;CODROIPO ;(UD) ;    FRIULI VENEZIA GIULIA;XX;45.96XXX 12.971XXX;info@federweb.com;
a.s.l. Aziende Sanitarie Locali;Azienda Assistenza Sanitaria 3 Alto Friuli Collinare Medio Friuli Azienda Per l Assistenza Sanitaria n. 3 Alto Friuli - Collinare - Medio Friuli;Moggio Udinese - Via G. Ermolli, XX,;33015;MOGGIO UDINESE ;(UD) ;    FRIULI VENEZIA GIULIA;0433-513XX;46.39XXX 13.18XXX;info@federweb.com;
a.s.l. Aziende Sanitarie Locali;Azienda Assistenza Sanitaria 3 Alto Friuli Collinare Medio Friuli Azienda Per l Assistenza Sanitaria n. 3 Alto Friuli - Collinare - Medio Friuli;Moggio Udinese - Via G. Ermolli XX,;33015;MOGGIO UDINESE ;(UD) ;    FRIULI VENEZIA GIULIA;0433-513XX;46.39XXX 13.18XXX;info@federweb.com;
a.s.l. Aziende Sanitarie Locali;Azienda Assistenza Sanitaria 3 Alto Friuli Collinare Medio Friuli Azienda Per l Assistenza Sanitaria n. 3 Alto Friuli - Collinare - Medio Friuli;Codroipo, Viale Duodo XX,;33013;GEMONA DEL FRIULI ;(UD) ;    FRIULI VENEZIA GIULIA;0432-9091XX;46.27XXX 13.13XXX;info@federweb.com;
a.s.l. Aziende Sanitarie Locali;Azienda Assistenza Sanitaria n. 5 Friuli Occidentale;Via Grado, X,;33170;PORDENONE ;(PN) ;    FRIULI VENEZIA GIULIA;0434-3983XX;45.9XXX 12.65XXX;info@federweb.com;
a.s.l. Aziende Sanitarie Locali;Azienda Assistenza Sanitaria n. 5 Friuli Occidentale;Via Unità D Italia XX,;33170;PORDENONE ;(PN) ;    FRIULI VENEZIA GIULIA;0427-7351XX;45.96XXX 12.64XXX;info@federweb.com;
a.s.l. Aziende Sanitarie Locali;Azienda Assistenza Sanitaria n. 5 Friuli Occidentale;Pordenone - Via Martiri Concordiesi X,;33170;PORDENONE ;(PN) ;    FRIULI VENEZIA GIULIA;0434-3839XX;45.9XXX 12.66XXX;info@federweb.com;
a.s.l. Aziende Sanitarie Locali;Azienda Assistenza Sanitaria n. 5 Friuli Occidentale;Spilimbergo Via Raffaello Sanzio X,;33077;SACILE ;(PN) ;    FRIULI VENEZIA GIULIA;0427-5955XX;45.95XXX 12.50XXX;info@federweb.com;
a.s.l. Aziende Sanitarie Locali;Azienda Assistenza Sanitaria n. 5 Friuli Occidentale;Pordenone - Via De La Comina XX,;33170;PORDENONE ;(PN) ;    FRIULI VENEZIA GIULIA;0434-3442XX;45.99XXX 12.64XXX;info@federweb.com;
a.s.l. Aziende Sanitarie Locali;Azienda Assistenza Sanitaria n. 5 Friuli Occidentale;Linteris,;33078;SAN VITO AL TAGLIAMENTO ;(PN) ;    FRIULI VENEZIA GIULIA;0434-8412XX;45.91XXX 12.85XXX;info@federweb.com;
a.s.l. Aziende Sanitarie Locali;Azienda Assistenza Sanitaria n. 5 Friuli Occidentale;Interna,;33170;PORDENONE ;(PN) ;    FRIULI VENEZIA GIULIA;0434-3731XX;45.96XXX 12.6XXX;info@federweb.com;
a.s.l. Aziende Sanitarie Locali;Azienda Ospedaliero - Universitaria di Udine;Via Pretura Vecchia X,;33017;TARCENTO ;(UD) ;    FRIULI VENEZIA GIULIA;0432-7801XX;46.21XXX 13.22XXX;info@federweb.com;
a.s.l. Aziende Sanitarie Locali;Azienda Per i Servizi Sanitari n. 2 Isontina;Via Alexander Fleming X,;34072;GRADISCA D'ISONZO ;(GO) ;    FRIULI VENEZIA GIULIA;0481-9600XX;45.89XXX 13.49XXX;info@federweb.com;
a.s.l. Aziende Sanitarie Locali;Azienda Per i Servizi Sanitari n. 2 Isontina;Viale Fatebenefratelli, XX,;34074;MONFALCONE ;(GO) ;    FRIULI VENEZIA GIULIA;0481-5920XX;45.80XXX 13.52XXX;info@federweb.com;
a.s.l. Aziende Sanitarie Locali;Azienda Per i Servizi Sanitari n. 2 Isontina;Via Galvani l. X,;34074;MONFALCONE ;(GO) ;    FRIULI VENEZIA GIULIA;0481-4871XX;45.81XXX 13.51XXX;info@federweb.com;
a.s.l. Aziende Sanitarie Locali;Azienda Per i Servizi Sanitari n. 2 Isontina;Viale Fatebenefratelli XX,;34170;GORIZIA ;(GO) ;    FRIULI VENEZIA GIULIA;0481-59XX;45.93XXX 13.60XXX;info@federweb.com;
a.s.l. Aziende Sanitarie Locali;Azienda Per i Servizi Sanitari n. 3 - 'Alto Friuli';Via iv Novembre X,;33016;PONTEBBA ;(UD) ;    FRIULI VENEZIA GIULIA;0428-904XX;46.50XXX 13.31XXX;info@federweb.com;
a.s.l. Aziende Sanitarie Locali;Azienda Per i Servizi Sanitari n. 3 - 'Alto Friuli';Viale Aldo Moro XX,;33028;TOLMEZZO ;(UD) ;    FRIULI VENEZIA GIULIA;0433-403XX;46.40XXX 13.00XXX;info@federweb.com;
a.s.l. Aziende Sanitarie Locali;Azienda Per i Servizi Sanitari n. 3 - 'Alto Friuli';Via Narzans X,;33020;ENEMONZO ;(UD) ;    FRIULI VENEZIA GIULIA;0433-7501XX;46.4XXX 12.8XXX;info@federweb.com;
a.s.l. Aziende Sanitarie Locali;Azienda Per i Servizi Sanitari n. 3 - 'Alto Friuli';Via Battiferro X,;33013;GEMONA DEL FRIULI ;(UD) ;    FRIULI VENEZIA GIULIA;0432-9891XX;46.28XXX 13.12XXX;info@federweb.com;
a.s.l. Aziende Sanitarie Locali;Azienda Per i Servizi Sanitari n. 3 - 'Alto Friuli';Via Battiferro X,;33013;GEMONA DEL FRIULI ;(UD) ;    FRIULI VENEZIA GIULIA;0432-9721XX;46.28XXX 13.12XXX;info@federweb.com;
a.s.l. Aziende Sanitarie Locali;Azienda Per i Servizi Sanitari n. 3 - 'Alto Friuli';Via Battiferro X,;33013;GEMONA DEL FRIULI ;(UD) ;    FRIULI VENEZIA GIULIA;0432-9823XX;46.28XXX 13.12XXX;info@federweb.com;
a.s.l. Aziende Sanitarie Locali;Azienda Per i Servizi Sanitari n. 4 Medio Friuli - Distretto di Manzano;Via Drusin,;33044;MANZANO ;(UD) ;    FRIULI VENEZIA GIULIA;0432-7507XX;45.98XXX 13.38XXX;info@federweb.com;
a.s.l. Aziende Sanitarie Locali;Azienda Per i Servizi Sanitari n.1 Triestina;Via Giuseppe Giusti X,;34135;TRIESTE ;(TS) ;    FRIULI VENEZIA GIULIA;040-42610XX;45.66XXX 13.77XXX;info@federweb.com;
a.s.l. Aziende Sanitarie Locali;Azienda Per i Servizi Sanitari n.2 Isontina;Via degli Scogli XX,;34170;GORIZIA ;(GO) ;    FRIULI VENEZIA GIULIA;0481-5302XX;45.95XXX 13.62XXX;info@federweb.com;
a.s.l. Aziende Sanitarie Locali;Azienda Per i Servizi Sanitari n.3 Alto Friuli;Piazza XX- XX Luglio X,;33026;PALUZZA ;(UD) ;    FRIULI VENEZIA GIULIA;0433-7750XX;46.53XXX 13.0XXX;info@federweb.com;
a.s.l. Aziende Sanitarie Locali;Azienda Per i Servizi Sanitari n.3 Alto Friuli;Via s. Lucia X,;33013;GEMONA DEL FRIULI ;(UD) ;    FRIULI VENEZIA GIULIA;0432-9717XX;46.27XXX 13.13XXX;info@federweb.com;
a.s.l. Aziende Sanitarie Locali;Azienda Per i Servizi Sanitari n.4 Medio Friuli;Via dei Carpini X,;33019;TRICESIMO ;(UD) ;    FRIULI VENEZIA GIULIA;0432-8525XX;46.1XXX 13.22XXX;info@federweb.com;
a.s.l. Aziende Sanitarie Locali;Azienda Per i Servizi Sanitari n.4 Medio Friuli;Via Garibaldi X,;33010;PAGNACCO ;(UD) ;    FRIULI VENEZIA GIULIA;0432-6502XX;46.12XXX 13.18XXX;info@federweb.com;
a.s.l. Aziende Sanitarie Locali;Azienda Per i Servizi Sanitari n.4 Medio Friuli;Via Ursinins Piccolo X,;33030;BUJA ;(UD) ;    FRIULI VENEZIA GIULIA;0432-9608XX;46.20XXX 13.11XXX;info@federweb.com;
a.s.l. Aziende Sanitarie Locali;Azienda Per i Servizi Sanitari n.4 Medio Friuli;Via Dante X,;33040;POVOLETTO ;(UD) ;    FRIULI VENEZIA GIULIA;0432-6795XX;46.11XXX 13.29XXX;info@federweb.com;
a.s.l. Aziende Sanitarie Locali;Azienda Per l Assistenza Sanitaria n. 3 Alto Friuli - Collinare - Medio Friuli;Moggio Udinese - Via G. Ermolli, XX,;33015;MOGGIO UDINESE ;(UD) ;    FRIULI VENEZIA GIULIA;0433-513XX;46.39XXX 13.18XXX;info@federweb.com;
a.s.l. Aziende Sanitarie Locali;Azienda Per l'Assistenza Sanitaria n. 2 Bassa Friulana-Isontina;Via Tarvisio X/B,;33054;LIGNANO SABBIADORO ;(UD) ;    FRIULI VENEZIA GIULIA;0431-710XX;45.6XXX 13.12XXX;info@federweb.com;
a.s.l. Aziende Sanitarie Locali;Azienda Per l'Assistenza Sanitaria n. 5  Friuli Occidentale;Via Campagna XX,;33085;MANIAGO ;(PN) ;    FRIULI VENEZIA GIULIA;0427-7315XX;46.16XXX 12.71XXX;info@federweb.com;
a.s.l. Aziende Sanitarie Locali;Azienda Per l'Assistenza Sanitaria n. 5 "Friuli Occidentale";Viale Franco Martelli XX,;33170;PORDENONE ;(PN) ;    FRIULI VENEZIA GIULIA;0434-3454XX;45.95XXX 12.66XXX;info@federweb.com;
a.s.l. Aziende Sanitarie Locali;Azienda Per l'Assistenza Sanitaria n.2   Bassa Friulana - Isontina;Viale Venezia Giulia XX,;34071;CORMONS ;(GO) ;    FRIULI VENEZIA GIULIA;0481-6292XX;45.96XXX 13.46XXX;info@federweb.com;
a.s.l. Aziende Sanitarie Locali;Azienda Per l'Assistenza Sanitaria n.5  Friuli Occidentale;Via Sanzio Raffaello X,;33097;SPILIMBERGO ;(PN) ;    FRIULI VENEZIA GIULIA;0427-5955XX;46.11XXX 12.8XXX;info@federweb.com;
a.s.l. Aziende Sanitarie Locali;Azienda Per l'Assistenza Sanitaria n.5  Friuli Occidentale;Via della Vecchia Ceramica X,;33170;PORDENONE ;(PN) ;    FRIULI VENEZIA GIULIA;0434-3691XX;45.XXX 12.65XXX;info@federweb.com;
a.s.l. Aziende Sanitarie Locali;Azienda Per l'Assistenza Sanitaria n.5  Friuli Occidentale;Via Unita' d'Italia X,;33085;MANIAGO ;(PN) ;    FRIULI VENEZIA GIULIA;0427-7351XX;46.17XXX 12.71XXX;info@federweb.com;
a.s.l. Aziende Sanitarie Locali;Azienda Sanitaria Asugi;Via V. Veneto, XXX,;34074;MONFALCONE ;(GO) ;    FRIULI VENEZIA GIULIA;0481-5928XX;45.79XXX 13.55XXX;info@federweb.com;
a.s.l. Aziende Sanitarie Locali;Azienda Sanitaria Asugi;Via Galvani, X,;34170;GORIZIA ;(GO) ;    FRIULI VENEZIA GIULIA;0481-4875XX;45.94XXX 13.6XXX;info@federweb.com;
a.s.l. Aziende Sanitarie Locali;Azienda Sanitaria Asugi;Via Romana, XX,;34074;MONFALCONE ;(GO) ;    FRIULI VENEZIA GIULIA;0481-7917XX;45.80XXX 13.54XXX;info@federweb.com;
a.s.l. Aziende Sanitarie Locali;Azienda Sanitaria Asugi;V.le Fatebenefratelli, XX,;34100;TRIESTE ;(TS) ;    FRIULI VENEZIA GIULIA;0481-5924XX;45.64XXX 13.78XXX;info@federweb.com;
a.s.l. Aziende Sanitarie Locali;Azienda Sanitaria Asugi;Via Costantino Costantinides, X,;34170;GORIZIA ;(GO) ;    FRIULI VENEZIA GIULIA;040-39971XX;45.94XXX 13.62XXX;info@federweb.com;
a.s.l. Aziende Sanitarie Locali;Azienda Sanitaria Asugi;Via Costantino Costantinides, X,;34074;MONFALCONE ;(GO) ;    FRIULI VENEZIA GIULIA;040-39971XX;45.80XXX 13.XXX;info@federweb.com;
a.s.l. Aziende Sanitarie Locali;Azienda Sanitaria Asugi;Via Galvani, X,;34133;TRIESTE ;(TS) ;    FRIULI VENEZIA GIULIA;0481-4875XX;45.65XXX 13.7XXX;info@federweb.com;
a.s.l. Aziende Sanitarie Locali;Azienda Sanitaria Asugi;Viale Venezia Giulia, XX,;34071;CORMONS ;(GO) ;    FRIULI VENEZIA GIULIA;0481-6292XX;45.96XXX 13.46XXX;info@federweb.com;
a.s.l. Aziende Sanitarie Locali;Azienda Sanitaria Asugi;Via C. Costantinides, X,;34128;TRIESTE ;(TS) ;    FRIULI VENEZIA GIULIA;040-39911XX;45.65XXX 13.79XXX;info@federweb.com;
a.s.l. Aziende Sanitarie Locali;Azienda Sanitaria Universitaria Asugi;Guardia Medica,;34071;CORMONS ;(GO) ;    FRIULI VENEZIA GIULIA;0481-601XX;45.96XXX 13.46XXX;info@federweb.com;
a.s.l. Aziende Sanitarie Locali;Azienda Sanitaria Universitaria Azienda Per l'Assistenza Sanitaria n. 2 Bassa Friulana-Isontina;Guardia Medica,;34072;GRADISCA D'ISONZO ;(GO) ;    FRIULI VENEZIA GIULIA;0481-5384XX;45.89XXX 13.4XXX;info@federweb.com;
a.s.l. Aziende Sanitarie Locali;Azienda Sanitaria Universitaria Friuli Centrale;Via Sabbionera XX,;33053;LATISANA ;(UD) ;    FRIULI VENEZIA GIULIA;0431-5291XX;45.76XXX 13.00XXX;info@federweb.com;
a.s.l. Aziende Sanitarie Locali;Azienda Sanitaria Universitaria Friuli Centrale;Via Morgagni Giobatta XX,;33028;TOLMEZZO ;(UD) ;    FRIULI VENEZIA GIULIA;0433-48XX;46.40XXX 13.XXX;info@federweb.com;
a.s.l. Aziende Sanitarie Locali;Azienda Sanitaria Universitaria Friuli Centrale;Via Palmanova X,;33058;SAN GIORGIO DI NOGARO ;(UD) ;    FRIULI VENEZIA GIULIA;0431-6248XX;45.83XXX 13.20XXX;info@federweb.com;
a.s.l. Aziende Sanitarie Locali;Azienda Sanitaria Universitaria Friuli Centrale;Via Natisone X,;33057;PALMANOVA ;(UD) ;    FRIULI VENEZIA GIULIA;0432-9211XX;45.90XXX 13.32XXX;info@federweb.com;
a.s.l. Aziende Sanitarie Locali;Azienda Sanitaria Universitaria Giuliano Isontina;Via Pasteur Louis X/B,;34139;TRIESTE ;(TS) ;    FRIULI VENEZIA GIULIA;040-39973XX;45.64XXX 13.82XXX;info@federweb.com;
a.s.l. Aziende Sanitarie Locali;Azienda Sanitaria Universitaria Giuliano Isontina;Viale Venezia Giulia XX,;34071;CORMONS ;(GO) ;    FRIULI VENEZIA GIULIA;0481-601XX;45.96XXX 13.46XXX;info@federweb.com;
a.s.l. Aziende Sanitarie Locali;Azienda Sanitaria Universitaria Integrata di Udine;Via Comesatti,X - Udine,;33100;UDINE ;(UD) ;    FRIULI VENEZIA GIULIA;0432-5424XX;46.07XXX 13.21XXX;info@federweb.com;
a.s.l. Aziende Sanitarie Locali;Azienda Sanitaria Universitaria Integrata di Udine;Piazza del Mercato, X - Tarcento,;33017;TARCENTO ;(UD) ;    FRIULI VENEZIA GIULIA;0432-7926XX;46.21XXX 13.22XXX;info@federweb.com;
a.s.l. Aziende Sanitarie Locali;Azienda Sanitaria Universitaria Integrata di Udine;Via Carraria, XX,;33017;TARCENTO ;(UD) ;    FRIULI VENEZIA GIULIA;0432-17963XX;46.21XXX 13.21XXX;info@federweb.com;
a.s.l. Aziende Sanitarie Locali;Azienda Sanitaria Universitaria Integrata di Udine;Via Cojaniz, X,;33028;TOLMEZZO ;(UD) ;    FRIULI VENEZIA GIULIA;0432-7801XX;46.40XXX 13.01XXX;info@federweb.com;
a.s.l. Aziende Sanitarie Locali;Azienda Sanitaria Universitaria Integrata di Udine;Via Palmanova, X,;33057;PALMANOVA ;(UD) ;    FRIULI VENEZIA GIULIA;0431-6248XX;45.91XXX 13.34XXX;info@federweb.com;
a.s.l. Aziende Sanitarie Locali;Azienda Sanitaria Universitaria Integrata di Udine;Via Molin, XX,;33038;SAN DANIELE DEL FRIULI ;(UD) ;    FRIULI VENEZIA GIULIA;0432-9219XX;46.17XXX 13.02XXX;info@federweb.com;
a.s.l. Aziende Sanitarie Locali;Azienda Sanitaria Universitaria Integrata di Udine;Vl. Duodo XX,;33100;UDINE ;(UD) ;    FRIULI VENEZIA GIULIA;0432-9091XX;46.05XXX 13.2XXX;info@federweb.com;
a.s.l. Aziende Sanitarie Locali;Azienda Sanitaria Universitaria Integrata di Udine;Viale Trieste, XX,;33100;UDINE ;(UD) ;    FRIULI VENEZIA GIULIA;0432-3877XX;46.06XXX 13.24XXX;info@federweb.com;
a.s.l. Aziende Sanitarie Locali;Azienda Sanitaria Universitaria Integrata di Udine;Viale Trento e Trieste XX,;33038;SAN DANIELE DEL FRIULI ;(UD) ;    FRIULI VENEZIA GIULIA;0432-94XX;46.15XXX 13.00XXX;info@federweb.com;
a.s.l. Aziende Sanitarie Locali;Azienda Sanitaria Universitaria Integrata di Udine;V. Morgagni XX,;33028;TOLMEZZO ;(UD) ;    FRIULI VENEZIA GIULIA;0433-48XX;46.40XXX 13.00XXX;info@federweb.com;
a.s.l. Aziende Sanitarie Locali;Azienda Sanitaria Universitaria Integrata di Udine;Via Carnia Libera XXXX, XX,;33013;GEMONA DEL FRIULI ;(UD) ;    FRIULI VENEZIA GIULIA;0433-4888XX;46.27XXX 13.13XXX;info@federweb.com;
a.s.l. Aziende Sanitarie Locali;Azienda Sanitaria Universitaria Integrata di Udine;Via Rodolone, X,;33053;LATISANA ;(UD) ;    FRIULI VENEZIA GIULIA;0432-9893XX;45.XXX 12.99XXX;info@federweb.com;
a.s.l. Aziende Sanitarie Locali;Azienda Sanitaria Universitaria Integrata di Udine;Via Sabbionera, XX,;33058;SAN GIORGIO DI NOGARO ;(UD) ;    FRIULI VENEZIA GIULIA;0431-5293XX;45.83XXX 13.21XXX;info@federweb.com;
a.s.l. Aziende Sanitarie Locali;Azienda Sanitaria Universitaria Integrata di Udine;Viale Trento e Trieste, X,;33033;CODROIPO ;(UD) ;    FRIULI VENEZIA GIULIA;0432-9492XX;45.96XXX 12.97XXX;info@federweb.com;
a.s.l. Aziende Sanitarie Locali;Azienda Sanitaria Universitaria Integrata di Udine;V. Carraria XX,;33043;CIVIDALE DEL FRIULI ;(UD) ;    FRIULI VENEZIA GIULIA;0432-70XX;46.09XXX 13.44XXX;info@federweb.com;
a.s.l. Aziende Sanitarie Locali;Azienda Sanitaria Universitaria Integrata di Udine;Sabbionera,;33053;LATISANA ;(UD) ;    FRIULI VENEZIA GIULIA;0431-5291XX;45.76XXX 13.00XXX;info@federweb.com;
a.s.l. Aziende Sanitarie Locali;Azienda Sanitaria Universitaria Integrata di Udine;Via Natisone XX,;33057;PALMANOVA ;(UD) ;    FRIULI VENEZIA GIULIA;0432-9211XX;45.90XXX 13.32XXX;info@federweb.com;
a.s.l. Aziende Sanitarie Locali;Azienda Sanitaria Universitaria Integrata di Udine;Via Chiusaforte, X,;33100;UDINE ;(UD) ;    FRIULI VENEZIA GIULIA;0432-5532XX;46.07XXX 13.22XXX;info@federweb.com;
a.s.l. Aziende Sanitarie Locali;Azienda Servizi Sanitari n. 4 Medio Friuli;Via ss. Vito e Modesto X,;33019;TRICESIMO ;(UD) ;    FRIULI VENEZIA GIULIA;0432-8512XX;46.1XXX 13.2XXX;info@federweb.com;
a.s.l. Aziende Sanitarie Locali;Azienda Servizi Sanitari n.4 'Medio Friuli';Via Laipacco XXX,;33100;UDINE ;(UD) ;    FRIULI VENEZIA GIULIA;0432-2819XX;46.05XXX 13.27XXX;info@federweb.com;
a.s.l. Aziende Sanitarie Locali;Azienda Servizi Sanitari n.4 'Medio Friuli';Via Pieri Gino,;33100;UDINE ;(UD) ;    FRIULI VENEZIA GIULIA;0432-4805XX;46.07XXX 13.22XXX;info@federweb.com;
a.s.l. Aziende Sanitarie Locali;Azienda Servizi Sanitari n.4 'Medio Friuli';Via Piemonte XX,;33100;UDINE ;(UD) ;    FRIULI VENEZIA GIULIA;0432-4983XX;46.08XXX 13.23XXX;info@federweb.com;
a.s.l. Aziende Sanitarie Locali;Azienda Servizi Sanitari n.4 'Medio Friuli';Via San Andrea,;33030;COSEANO ;(UD) ;    FRIULI VENEZIA GIULIA;0432-8635XX;46.09XXX 13.01XXX;info@federweb.com;
a.s.l. Aziende Sanitarie Locali;Azienda Servizi Sanitari n.4 'Medio Friuli';Via Caterina Percoto XX,;33044;MANZANO ;(UD) ;    FRIULI VENEZIA GIULIA;0432-7512XX;45.97XXX 13.35XXX;info@federweb.com;
a.s.l. Aziende Sanitarie Locali;Azienda Servizi Sanitari n.4 'Medio Friuli';Via dei Carpini X, Adorgnano;33019;TRICESIMO ;(UD) ;    FRIULI VENEZIA GIULIA;0432-8525XX;46.1XXX 13.22XXX;info@federweb.com;
a.s.l. Aziende Sanitarie Locali;Azienda Servizi Sanitari n.4 'Medio Friuli';Via Piutti Arnaldo XXX,;33100;UDINE ;(UD) ;    FRIULI VENEZIA GIULIA;0432-6258XX;46.0XXX 13.25XXX;info@federweb.com;
a.s.l. Aziende Sanitarie Locali;Azienda Servizi Sanitari n.4 'Medio Friuli';Via Pozzuolo XXX,;33100;UDINE ;(UD) ;    FRIULI VENEZIA GIULIA;0432-553XX;46.03XXX 13.22XXX;info@federweb.com;
a.s.l. Aziende Sanitarie Locali;Barbaccia dr. Giuseppe;Largo dei Pecile X,;33100;UDINE ;(UD) ;    FRIULI VENEZIA GIULIA;0432-5080XX;46.06XXX 13.23XXX;info@federweb.com;
a.s.l. Aziende Sanitarie Locali;Baron Paolo;Via Vittorio Veneto XX,;33050;BAGNARIA ARSA ;(UD) ;    FRIULI VENEZIA GIULIA;0432-9247XX;45.88XXX 13.29XXX;info@federweb.com;
Medici Generici        a.s.l. Aziende Sanitarie Locali;Bernardi dr. Giuseppina;Via Roma XX,;34170;GORIZIA ;(GO) ;    FRIULI VENEZIA GIULIA;0481-821XX;45.9XXX 13.6XXX;info@federweb.com;
Medici Generici        a.s.l. Aziende Sanitarie Locali;Bucci Giuseppe dr.;Via Grap XX,;33030;FORGARIA NEL FRIULI ;(UD) ;    FRIULI VENEZIA GIULIA;0427-8088XX;46.22XXX 12.97XXX;info@federweb.com;
a.s.l. Aziende Sanitarie Locali;Buzzolo Stefania;Via Bariglaria XXX,;33100;UDINE ;(UD) ;    FRIULI VENEZIA GIULIA;0432-5661XX;46.09XXX 13.26XXX;info@federweb.com;
a.s.l. Aziende Sanitarie Locali;Callegari Tiziana;Via Terzo Drusin XX,;33044;MANZANO ;(UD) ;    FRIULI VENEZIA GIULIA;0432-7549XX;45.98XXX 13.38XXX;info@federweb.com;
a.s.l. Aziende Sanitarie Locali;Calò Cosimo Salvatore;Via Divisione Julia XX,;33030;BUJA ;(UD) ;    FRIULI VENEZIA GIULIA;0432-9694XX;46.20XXX 13.12XXX;info@federweb.com;
a.s.l. Aziende Sanitarie Locali;Candido dr. Adelma;Piazza X Maggio XXXX,;33038;SAN DANIELE DEL FRIULI ;(UD) ;    FRIULI VENEZIA GIULIA;0432-9841XX;46.20XXX 13.02XXX;info@federweb.com;
a.s.l. Aziende Sanitarie Locali;Centro di Salute Mentale di Gemona Del Friuli (Csm);Via Santa Lucia XX,;33013;GEMONA DEL FRIULI ;(UD) ;    FRIULI VENEZIA GIULIA;0432-9717XX;46.27XXX 13.12XXX;info@federweb.com;
a.s.l. Aziende Sanitarie Locali;Centro Unico Vacinale;Via Paolo de Ralli X,;34128;TRIESTE ;(TS) ;    FRIULI VENEZIA GIULIA;040-39975XX;45.65XXX 13.79XXX;info@federweb.com;
a.s.l. Aziende Sanitarie Locali;Centro Vaccinazioni;Via Chiusaforte X,;33100;UDINE ;(UD) ;    FRIULI VENEZIA GIULIA;0432-553XX;46.07XXX 13.22XXX;info@federweb.com;
a.s.l. Aziende Sanitarie Locali;Comito Paolo Daniele;Via Vittorio Veneto XX,;33018;TARVISIO ;(UD) ;    FRIULI VENEZIA GIULIA;0428-31XX;46.50XXX 13.57XXX;info@federweb.com;
a.s.l. Aziende Sanitarie Locali;Compari dr. Mario;Via Madonna del Podgora XX,;33048;SAN GIOVANNI AL NATISONE ;(UD) ;    FRIULI VENEZIA GIULIA;0432-7567XX;45.97XXX 13.40XXX;info@federweb.com;
a.s.l. Aziende Sanitarie Locali;Culot dr. Paolo;Via Gorizia X,;34071;CORMONS ;(GO) ;    FRIULI VENEZIA GIULIA;0481-6307XX;45.95XXX 13.47XXX;info@federweb.com;
a.s.l. Aziende Sanitarie Locali;Cup Aas 3 di Alto Friuli  Collinare  Medio Friuli;Piazzetta Portuzza X,;33013;GEMONA DEL FRIULI ;(UD) ;    FRIULI VENEZIA GIULIA;0432-9894XX;46.27XXX 13.14XXX;info@federweb.com;
a.s.l. Aziende Sanitarie Locali;Cup Aas 5 di Friuli Occidentale;Via Xxv Aprile XX,;33082;AZZANO DECIMO ;(PN) ;    FRIULI VENEZIA GIULIA;0434-2235XX;45.88XXX 12.71XXX;info@federweb.com;
a.s.l. Aziende Sanitarie Locali;Cup Aas 5 di Friuli Occidentale Dell' Ospedale Civile;Via Montereale XX,;33170;PORDENONE ;(PN) ;    FRIULI VENEZIA GIULIA;0434-3997XX;45.96XXX 12.65XXX;info@federweb.com;
Associazioni ed Istituti di Previdenza ed Assistenza        Ospedali;Cup Aas 5 di Friuli Occidentale Dell' Ospedale Santa Maria Dei Battuti;Via Savorgnano X,;33078;SAN VITO AL TAGLIAMENTO ;(PN) ;    FRIULI VENEZIA GIULIA;0434-2235XX;45.91XXX 12.85XXX;info@federweb.com;
a.s.l. Aziende Sanitarie Locali;Cup Ass 2 di Bassa Friulana - Isontina;Via Michelangelo Buonarroti XX,;34073;GRADO ;(GO) ;    FRIULI VENEZIA GIULIA;0431-8979XX;45.67XXX 13.38XXX;info@federweb.com;
a.s.l. Aziende Sanitarie Locali;Cup Ass 2 di Bassa Friulana - Isontina;Via Xxiv Maggio XX,;34070;MOSSA ;(GO) ;    FRIULI VENEZIA GIULIA;0434-2235XX;45.9XXX 13.55XXX;info@federweb.com;
a.s.l. Aziende Sanitarie Locali;Cup Ass 2 di Bassa Friulana - Isontina;Viale Venezia Giulia XX,;34071;CORMONS ;(GO) ;    FRIULI VENEZIA GIULIA;0481-6292XX;45.96XXX 13.46XXX;info@federweb.com;
a.s.l. Aziende Sanitarie Locali;Cup Ass 2 di Bassa Friulana - Isontina;Via Fleming X,;34072;GRADISCA D'ISONZO ;(GO) ;    FRIULI VENEZIA GIULIA;0481-9545XX;45.89XXX 13.49XXX;info@federweb.com;
a.s.l. Aziende Sanitarie Locali;Cup Ass 2 di Bassa Friulana - Isontina Del Presidio Ospedaliero;Via Natisone XX,;33057;PALMANOVA ;(UD) ;    FRIULI VENEZIA GIULIA;0434-2235XX;45.90XXX 13.32XXX;info@federweb.com;
a.s.l. Aziende Sanitarie Locali;Cup Ass 2 di Bassa Friulana - Isontina Dell' Ospedale San Giovanni di Dio;Viale Fatebenefratelli XX,;34170;GORIZIA ;(GO) ;    FRIULI VENEZIA GIULIA;0481-5927XX;45.93XXX 13.60XXX;info@federweb.com;
a.s.l. Aziende Sanitarie Locali;Cup Asugi di Muggia;Via Cesare Battisti X,;34015;MUGGIA ;(TS) ;    FRIULI VENEZIA GIULIA;0434-2235XX;45.60XXX 13.76XXX;info@federweb.com;
a.s.l. Aziende Sanitarie Locali;Cup Asui di Trieste;Via del Farneto X,;34142;TRIESTE ;(TS) ;    FRIULI VENEZIA GIULIA;0434-2235XX;45.65XXX 13.78XXX;info@federweb.com;
a.s.l. Aziende Sanitarie Locali;Cup Asui di Udine;Via San Valentino XX,;33100;UDINE ;(UD) ;    FRIULI VENEZIA GIULIA;0434-2235XX;46.06XXX 13.24XXX;info@federweb.com;
a.s.l. Aziende Sanitarie Locali;Cup Asui di Udine;Via Coianiz X,;33017;TARCENTO ;(UD) ;    FRIULI VENEZIA GIULIA;0434-2235XX;46.21XXX 13.21XXX;info@federweb.com;
a.s.l. Aziende Sanitarie Locali;Cup Asui di Udine;Via Pozzuolo XX,;33100;UDINE ;(UD) ;    FRIULI VENEZIA GIULIA;0434-2235XX;46.05XXX 13.2XXX;info@federweb.com;
a.s.l. Aziende Sanitarie Locali;Cup Azienda Per i Servizi Sanitari 2 Isontina;Viale Venezia Giulia XX,;34071;CORMONS ;(GO) ;    FRIULI VENEZIA GIULIA;0481-6292XX;45.96XXX 13.46XXX;info@federweb.com;
a.s.l. Aziende Sanitarie Locali;Dipartimento di Prevenzione;Via Chiusaforte X,;33100;UDINE ;(UD) ;    FRIULI VENEZIA GIULIA;0432-5532XX;46.07XXX 13.22XXX;info@federweb.com;
a.s.l. Aziende Sanitarie Locali;Dipartimento di Prevenzione;Via della Vecchia Ceramica X,;33170;PORDENONE ;(PN) ;    FRIULI VENEZIA GIULIA;0434-3699XX;45.XXX 12.65XXX;info@federweb.com;
a.s.l. Aziende Sanitarie Locali;Dipartimento Salute Mentale;Viale Miramare XX,;34135;TRIESTE ;(TS) ;    FRIULI VENEZIA GIULIA;040-4144XX;45.66XXX 13.76XXX;info@federweb.com;
a.s.l. Aziende Sanitarie Locali;Distretto di Latisana -;Via Palmanova X,;33058;SAN GIORGIO DI NOGARO ;(UD) ;    FRIULI VENEZIA GIULIA;0431-6248XX;45.83XXX 13.20XXX;info@federweb.com;
a.s.l. Aziende Sanitarie Locali;Distretto Est di Palmanova - Aas 2;Via Molin XX,;33057;PALMANOVA ;(UD) ;    FRIULI VENEZIA GIULIA;0432-9219XX;45.90XXX 13.31XXX;info@federweb.com;
a.s.l. Aziende Sanitarie Locali;Distretto Sanitario;Via P. Coianiz,;33017;TARCENTO ;(UD) ;    FRIULI VENEZIA GIULIA;0432-7801XX;46.21XXX 13.21XXX;info@federweb.com;
a.s.l. Aziende Sanitarie Locali;Distretto Sanitario -;Via Cojaniz X,;33017;TARCENTO ;(UD) ;    FRIULI VENEZIA GIULIA;0432-7801XX;46.21XXX 13.21XXX;info@federweb.com;
a.s.l. Aziende Sanitarie Locali;Distretto Sanitario -;V. San Valentino XX,;33100;UDINE ;(UD) ;    FRIULI VENEZIA GIULIA;0432-5538XX;46.06XXX 13.24XXX;info@federweb.com;
a.s.l. Aziende Sanitarie Locali;Distretto Sanitario Del Sile Asfo;V. Xxv Aprile XX,;33082;AZZANO DECIMO ;(PN) ;    FRIULI VENEZIA GIULIA;0434-4233XX;45.88XXX 12.71XXX;info@federweb.com;
a.s.l. Aziende Sanitarie Locali;Donati de Conti Rosalba;Via Centa XX,;33030;MORUZZO ;(UD) ;    FRIULI VENEZIA GIULIA;0432-6727XX;46.11XXX 13.12XXX;info@federweb.com;
a.s.l. Aziende Sanitarie Locali;Dsm - Direzione Dipartimento di Salute Mentale;Via Edoardo Weiss X,;34129;TRIESTE ;(TS) ;    FRIULI VENEZIA GIULIA;040-39973XX;45.65XXX 13.80XXX;info@federweb.com;
Medici Generici        a.s.l. Aziende Sanitarie Locali;Giacomel Micaela;Via xx Settembre XXX,;33080;ROVEREDO IN PIANO ;(PN) ;    FRIULI VENEZIA GIULIA;0434-9603XX;46.00XXX 12.6XXX;info@federweb.com;
a.s.l. Aziende Sanitarie Locali;Guardia Medica;P. Xxi-Xxii Luglio - Paluzza X,;33020;SUTRIO ;(UD) ;    FRIULI VENEZIA GIULIA;0433-7750XX;46.5XXX 12.99XXX;info@federweb.com;
a.s.l. Aziende Sanitarie Locali;Guardia Medica;P. XX-XX Luglio - Paluzza X,;33020;ZUGLIO ;(UD) ;    FRIULI VENEZIA GIULIA;0433-7750XX;46.46XXX 13.02XXX;info@federweb.com;
a.s.l. Aziende Sanitarie Locali;Guardia Medica;V. Macilas - Vito d'Asio - Anduins X,;33090;CASTELNOVO DEL FRIULI ;(PN) ;    FRIULI VENEZIA GIULIA;0427-8077XX;46.20XXX 12.90XXX;info@federweb.com;
a.s.l. Aziende Sanitarie Locali;Guardia Medica;V. Macilas - Vito d'Asio - Anduins X,;33090;CLAUZETTO ;(PN) ;    FRIULI VENEZIA GIULIA;0427-8077XX;46.2XXX 12.91XXX;info@federweb.com;
a.s.l. Aziende Sanitarie Locali;Guardia Medica;V. Dante X,;33010;REANA DEL ROJALE ;(UD) ;    FRIULI VENEZIA GIULIA;0432-6795XX;46.14XXX 13.24XXX;info@federweb.com;
a.s.l. Aziende Sanitarie Locali;Guardia Medica;V. Dante X,;33040;ATTIMIS ;(UD) ;    FRIULI VENEZIA GIULIA;0432-6795XX;46.18XXX 13.30XXX;info@federweb.com;
a.s.l. Aziende Sanitarie Locali;Guardia Medica;V. dei Klan?i? X,;33040;SAN LEONARDO ;(UD) ;    FRIULI VENEZIA GIULIA;0432-7272XX;46.11XXX 13.53XXX;info@federweb.com;
a.s.l. Aziende Sanitarie Locali;Guardia Medica;Notturna - Presso Ospedale Maniago,;33080;BARCIS ;(PN) ;    FRIULI VENEZIA GIULIA;0427-8781XX;46.19XXX 12.55XXX;info@federweb.com;
a.s.l. Aziende Sanitarie Locali;Guardia Medica;V. Vidiset - Buja XX,;33030;BUJA ;(UD) ;    FRIULI VENEZIA GIULIA;0432-9689XX;46.19XXX 13.11XXX;info@federweb.com;
a.s.l. Aziende Sanitarie Locali;Guardia Medica;V. Dante X,;33040;TAIPANA ;(UD) ;    FRIULI VENEZIA GIULIA;0432-6795XX;46.2XXX 13.28XXX;info@federweb.com;
a.s.l. Aziende Sanitarie Locali;Guardia Medica;V. Dante X,;33040;FAEDIS ;(UD) ;    FRIULI VENEZIA GIULIA;0432-6795XX;46.1XXX 13.29XXX;info@federweb.com;
a.s.l. Aziende Sanitarie Locali;Guardia Medica;P. Xxi-Xxii Luglio - Paluzza X,;33020;CERCIVENTO ;(UD) ;    FRIULI VENEZIA GIULIA;0433-7750XX;46.52XXX 12.98XXX;info@federweb.com;
a.s.l. Aziende Sanitarie Locali;Guardia Medica;V. Cojaniz - Tarcento X,;33017;TARCENTO ;(UD) ;    FRIULI VENEZIA GIULIA;0432-7843XX;46.20XXX 13.19XXX;info@federweb.com;
a.s.l. Aziende Sanitarie Locali;Guardia Medica;Notturna - Presso Ospedale Maniago,;33080;CLAUT ;(PN) ;    FRIULI VENEZIA GIULIA;0427-8781XX;46.26XXX 12.5XXX;info@federweb.com;
a.s.l. Aziende Sanitarie Locali;Guardia Medica;Notturna - Presso Ospedale Spilimbergo, Anduins;33090;VITO D'ASIO ;(PN) ;    FRIULI VENEZIA GIULIA;0427-8077XX;46.23XXX 12.96XXX;info@federweb.com;
a.s.l. Aziende Sanitarie Locali;Guardia Medica;Notturna - Presso Ospedale Spilimbergo,;33094;PINZANO AL TAGLIAMENTO ;(PN) ;    FRIULI VENEZIA GIULIA;0427-8077XX;46.18XXX 12.94XXX;info@federweb.com;
a.s.l. Aziende Sanitarie Locali;Guardia Medica;;;;0433-7750XX;46.53XXX 13.03XXX;info@federweb.com;
a.s.l. Aziende Sanitarie Locali;Guardia Medica;V. Nazionale X,;33024;FORNI DI SOPRA ;(UD) ;    FRIULI VENEZIA GIULIA;0433-885XX;46.42XXX 12.56XXX;info@federweb.com;
a.s.l. Aziende Sanitarie Locali;Guardia Medica;V. del Municipio - Meduno XX,;33092;MEDUNO ;(PN) ;    FRIULI VENEZIA GIULIA;0427-862XX;46.21XXX 12.78XXX;info@federweb.com;
a.s.l. Aziende Sanitarie Locali;Guardia Medica;Via Trieste XX,;33052;CERVIGNANO DEL FRIULI ;(UD) ;    FRIULI VENEZIA GIULIA;0431-3877XX;45.82XXX 13.34XXX;info@federweb.com;
a.s.l. Aziende Sanitarie Locali;Guardia Medica;V. del Klan?i? X,;33049;SAN PIETRO AL NATISONE ;(UD) ;    FRIULI VENEZIA GIULIA;0432-7272XX;46.12XXX 13.48XXX;info@federweb.com;
a.s.l. Aziende Sanitarie Locali;Guardia Medica;Notturna - XX, V. del Municipio,;33090;CASTELNOVO DEL FRIULI ;(PN) ;    FRIULI VENEZIA GIULIA;0427-862XX;46.21XXX 12.78XXX;info@federweb.com;
a.s.l. Aziende Sanitarie Locali;Guardia Medica;Notturna - XX, V. del Municipio,;33090;CLAUZETTO ;(PN) ;    FRIULI VENEZIA GIULIA;0427-862XX;46.21XXX 12.78XXX;info@federweb.com;
a.s.l. Aziende Sanitarie Locali;Guardia Medica;Vittorio Veneto,;33018;TARVISIO ;(UD) ;    FRIULI VENEZIA GIULIA;0428-29XX;46.50XXX 13.57XXX;info@federweb.com;
a.s.l. Aziende Sanitarie Locali;Guardia Medica;Pl. Caduti - Ampezzo XX,;33021;AMPEZZO ;(UD) ;    FRIULI VENEZIA GIULIA;0433-8110XX;46.41XXX 12.79XXX;info@federweb.com;
a.s.l. Aziende Sanitarie Locali;Guardia Medica;Via Tarvisio X/B,;33054;LIGNANO SABBIADORO ;(UD) ;    FRIULI VENEZIA GIULIA;0431-710XX;45.6XXX 13.12XXX;info@federweb.com;
a.s.l. Aziende Sanitarie Locali;Guardia Medica - Servizio di Continuita' Assistenziale;Via Terzo Drusin XX,;33044;MANZANO ;(UD) ;    FRIULI VENEZIA GIULIA;0432-7424XX;45.98XXX 13.38XXX;info@federweb.com;
a.s.l. Aziende Sanitarie Locali;Guardia Medica - Servizio di Continuita' Assistenziale;Via ex Ferrovia X,;33025;OVARO ;(UD) ;    FRIULI VENEZIA GIULIA;0433-673XX;46.4XXX 12.86XXX;info@federweb.com;
a.s.l. Aziende Sanitarie Locali;Guardia Medica - Servizio di Continuita' Assistenziale;Via Trieste XX,;33052;CERVIGNANO DEL FRIULI ;(UD) ;    FRIULI VENEZIA GIULIA;0434-2235XX;45.82XXX 13.34XXX;info@federweb.com;
a.s.l. Aziende Sanitarie Locali;Guardia Medica - Servizio di Continuita' Assistenziale;Via Palmanova X,;33058;SAN GIORGIO DI NOGARO ;(UD) ;    FRIULI VENEZIA GIULIA;0434-2235XX;45.83XXX 13.20XXX;info@federweb.com;
a.s.l. Aziende Sanitarie Locali;Guardia Medica - Servizio di Continuita' Assistenziale;Viale Venezia Giulia XX,;34071;CORMONS ;(GO) ;    FRIULI VENEZIA GIULIA;0481-601XX;45.96XXX 13.46XXX;info@federweb.com;
a.s.l. Aziende Sanitarie Locali;Guardia Medica - Servizio di Continuita' Assistenziale;Via Galvani X,;34074;MONFALCONE ;(GO) ;    FRIULI VENEZIA GIULIA;0481-7919XX;45.81XXX 13.51XXX;info@federweb.com;
a.s.l. Aziende Sanitarie Locali;Guardia Medica - Servizio di Continuita' Assistenziale;Via Sabbionera XX,;33053;LATISANA ;(UD) ;    FRIULI VENEZIA GIULIA;0431-5292XX;45.76XXX 13.00XXX;info@federweb.com;
a.s.l. Aziende Sanitarie Locali;Guardia Medica - Servizio di Continuita' Assistenziale;Via Michelangelo Buonarroti XX,;34073;GRADO ;(GO) ;    FRIULI VENEZIA GIULIA;0431-8781XX;45.67XXX 13.38XXX;info@federweb.com;
a.s.l. Aziende Sanitarie Locali;Guardia Medica - Servizio di Continuita' Assistenziale;Via Gervasutta XX,;33100;UDINE ;(UD) ;    FRIULI VENEZIA GIULIA;0432-6292XX;46.05XXX 13.2XXX;info@federweb.com;
a.s.l. Aziende Sanitarie Locali;Guardia Medica - Servizio di Continuita' Assistenziale;Via Vidiset XX,;33030;BUJA ;(UD) ;    FRIULI VENEZIA GIULIA;0432-9608XX;46.19XXX 13.11XXX;info@federweb.com;
a.s.l. Aziende Sanitarie Locali;Guardia Medica - Servizio di Continuita' Assistenziale;Via Giosue Carducci XX,;33080;ROVEREDO IN PIANO ;(PN) ;    FRIULI VENEZIA GIULIA;0434-9490XX;46.00XXX 12.61XXX;info@federweb.com;
a.s.l. Aziende Sanitarie Locali;Guardia Medica - Servizio di Continuita' Assistenziale;Via del Klancic X,;33049;SAN PIETRO AL NATISONE ;(UD) ;    FRIULI VENEZIA GIULIA;0432-7272XX;46.12XXX 13.48XXX;info@federweb.com;
a.s.l. Aziende Sanitarie Locali;Guardia Medica - Servizio di Continuita' Assistenziale;Piazzale t. Linteris X,;33078;SAN VITO AL TAGLIAMENTO ;(PN) ;    FRIULI VENEZIA GIULIA;0434-8412XX;45.91XXX 12.85XXX;info@federweb.com;
a.s.l. Aziende Sanitarie Locali;Guardia Medica - Servizio di Continuita' Assistenziale;Via del Municipio XX,;33092;MEDUNO ;(PN) ;    FRIULI VENEZIA GIULIA;0427-862XX;46.21XXX 12.78XXX;info@federweb.com;
a.s.l. Aziende Sanitarie Locali;Guardia Medica - Servizio di Continuita' Assistenziale;Via Gervasutta XX,;33100;UDINE ;(UD) ;    FRIULI VENEZIA GIULIA;0432-6292XX;46.05XXX 13.2XXX;info@federweb.com;
a.s.l. Aziende Sanitarie Locali;Guardia Medica - Servizio di Continuita' Assistenziale;Via Terzo Drusin XX,;33044;MANZANO ;(UD) ;    FRIULI VENEZIA GIULIA;0432-7424XX;45.98XXX 13.38XXX;info@federweb.com;
a.s.l. Aziende Sanitarie Locali;Guardia Medica - Servizio di Continuita' Assistenziale;Via ex Ferrovia X,;33025;OVARO ;(UD) ;    FRIULI VENEZIA GIULIA;0433-673XX;46.4XXX 12.86XXX;info@federweb.com;
a.s.l. Aziende Sanitarie Locali;Guardia Medica - Servizio di Continuita' Assistenziale;Via Xxv Aprile XX,;33050;MORTEGLIANO ;(UD) ;    FRIULI VENEZIA GIULIA;0432-8162XX;45.9XXX 13.XXX;info@federweb.com;
a.s.l. Aziende Sanitarie Locali;Guardia Medica - Servizio di Continuita' Assistenziale;Via Gio Batta Morgagni XX,;33028;TOLMEZZO ;(UD) ;    FRIULI VENEZIA GIULIA;0433-48XX;46.40XXX 13.00XXX;info@federweb.com;
a.s.l. Aziende Sanitarie Locali;Guardia Medica - Servizio di Continuita' Assistenziale;Via Giorgio Ermolli XX,;33015;MOGGIO UDINESE ;(UD) ;    FRIULI VENEZIA GIULIA;0433-513XX;46.40XXX 13.19XXX;info@federweb.com;
a.s.l. Aziende Sanitarie Locali;Guardia Medica - Servizio di Continuita' Assistenziale;Via a. Giordani XX,;33080;CLAUT ;(PN) ;    FRIULI VENEZIA GIULIA;0427-8781XX;46.26XXX 12.51XXX;info@federweb.com;
a.s.l. Aziende Sanitarie Locali;Guardia Medica - Servizio di Continuita' Assistenziale;Via Vittorio Veneto XX,;33018;TARVISIO ;(UD) ;    FRIULI VENEZIA GIULIA;0428-29XX;46.50XXX 13.57XXX;info@federweb.com;
a.s.l. Aziende Sanitarie Locali;Guardia Medica - Servizio di Continuita' Assistenziale;Via Unita d Italia XX,;33085;MANIAGO ;(PN) ;    FRIULI VENEZIA GIULIA;0427-8781XX;46.17XXX 12.71XXX;info@federweb.com;
a.s.l. Aziende Sanitarie Locali;Guardia Medica - Servizio di Continuita' Assistenziale;Piazza Bernardino Nascimbeni X,;33027;PAULARO ;(UD) ;    FRIULI VENEZIA GIULIA;0433-7111XX;46.53XXX 13.11XXX;info@federweb.com;
a.s.l. Aziende Sanitarie Locali;Guardia Medica - Servizio di Continuita' Assistenziale;Via Revedole XX,;33170;PORDENONE ;(PN) ;    FRIULI VENEZIA GIULIA;XX;45.96XXX 12.67XXX;info@federweb.com;
a.s.l. Aziende Sanitarie Locali;Guardia Medica - Servizio di Continuita' Assistenziale;Piazza Xxii Xxii Luglio X,;33026;PALUZZA ;(UD) ;    FRIULI VENEZIA GIULIA;0433-7750XX;46.52XXX 13.0XXX;info@federweb.com;
a.s.l. Aziende Sanitarie Locali;Guardia Medica - Servizio di Continuita' Assistenziale;Via Giosue Carducci X,;33038;SAN DANIELE DEL FRIULI ;(UD) ;    FRIULI VENEZIA GIULIA;0432-9417XX;46.15XXX 13.00XXX;info@federweb.com;
a.s.l. Aziende Sanitarie Locali;Guardia Medica - Servizio di Continuita' Assistenziale;Via Macilas X, Anduins;33090;VITO D'ASIO ;(PN) ;    FRIULI VENEZIA GIULIA;0427-8077XX;46.23XXX 12.95XXX;info@federweb.com;
a.s.l. Aziende Sanitarie Locali;Guardia Medica - Servizio di Continuita' Assistenziale;Via Natisone,;33057;PALMANOVA ;(UD) ;    FRIULI VENEZIA GIULIA;0432-9212XX;45XXX 13.3XXX;info@federweb.com;
a.s.l. Aziende Sanitarie Locali;Guardia Medica - Servizio di Continuita' Assistenziale;Via Sabbionera XX,;33053;LATISANA ;(UD) ;    FRIULI VENEZIA GIULIA;0431-5292XX;45.76XXX 13.00XXX;info@federweb.com;
a.s.l. Aziende Sanitarie Locali;Guardia Medica - Servizio di Continuita' Assistenziale;Viale Venezia Giulia XX,;34071;CORMONS ;(GO) ;    FRIULI VENEZIA GIULIA;0481-601XX;45.96XXX 13.46XXX;info@federweb.com;
a.s.l. Aziende Sanitarie Locali;Guardia Medica - Servizio di Continuita' Assistenziale;Via Galvani X,;34074;MONFALCONE ;(GO) ;    FRIULI VENEZIA GIULIA;0481-7919XX;45.81XXX 13.51XXX;info@federweb.com;
a.s.l. Aziende Sanitarie Locali;Guardia Medica - Servizio di Continuita' Assistenziale;Via Michelangelo Buonarroti XX,;34073;GRADO ;(GO) ;    FRIULI VENEZIA GIULIA;0431-8781XX;45.67XXX 13.38XXX;info@federweb.com;
a.s.l. Aziende Sanitarie Locali;Guardia Medica - Servizio di Continuita' Assistenziale;Via Xxv Aprile XX,;33082;AZZANO DECIMO ;(PN) ;    FRIULI VENEZIA GIULIA;0434-6312XX;45.88XXX 12.71XXX;info@federweb.com;
a.s.l. Aziende Sanitarie Locali;Guardia Medica - Servizio di Continuita' Assistenziale;Viale Fatebenefratelli XX,;34170;GORIZIA ;(GO) ;    FRIULI VENEZIA GIULIA;0481-5472XX;45.93XXX 13.60XXX;info@federweb.com;
a.s.l. Aziende Sanitarie Locali;Guardia Medica - Servizio di Continuita' Assistenziale;Viale Francesco a. Duodo XX,;33033;CODROIPO ;(UD) ;    FRIULI VENEZIA GIULIA;0432-9091XX;45.96XXX 12.98XXX;info@federweb.com;
a.s.l. Aziende Sanitarie Locali;Jevnikar dr. Marko;Via di Cologna XX,;34126;TRIESTE ;(TS) ;    FRIULI VENEZIA GIULIA;040-511XX;45.65XXX 13.78XXX;info@federweb.com;
a.s.l. Aziende Sanitarie Locali;Kabler dr. Andrea;Piazzetta Tian X,;33010;CASSACCO ;(UD) ;    FRIULI VENEZIA GIULIA;0432-8816XX;46.17XXX 13.18XXX;info@federweb.com;
a.s.l. Aziende Sanitarie Locali;Martinelli Oscar;Rive dai Stimatins,;33013;GEMONA DEL FRIULI ;(UD) ;    FRIULI VENEZIA GIULIA;0432-9708XX;46.27XXX 13.13XXX;info@federweb.com;
a.s.l. Aziende Sanitarie Locali;Matera Carmelo;Piazza Scuole X, Pozzecco;33032;BERTIOLO ;(UD) ;    FRIULI VENEZIA GIULIA;0432-9173XX;45.95XXX 13.08XXX;info@federweb.com;
a.s.l. Aziende Sanitarie Locali;Medico Ius Giovanni;Via Valdagno XX,;33100;UDINE ;(UD) ;    FRIULI VENEZIA GIULIA;338-88855XX;46.02XXX 13.25XXX;info@federweb.com;
a.s.l. Aziende Sanitarie Locali;Micoli dr. Paolo;Via dei Giuliani XX,;34137;TRIESTE ;(TS) ;    FRIULI VENEZIA GIULIA;040-34986XX;45.64XXX 13.77XXX;info@federweb.com;
a.s.l. Aziende Sanitarie Locali;Milani dr. Sara;Viale Venezia Giulia XX,;34071;CORMONS ;(GO) ;    FRIULI VENEZIA GIULIA;0481-6305XX;45.96XXX 13.46XXX;info@federweb.com;
Medici Generici        a.s.l. Aziende Sanitarie Locali;Mucignat Massimo Italo;Via Colombera X,;33080;PORCIA ;(PN) ;    FRIULI VENEZIA GIULIA;0434-5908XX;45.9XXX 12.61XXX;info@federweb.com;
Case di Riposo        a.s.l. Aziende Sanitarie Locali;Opera Pia Coianiz;Via Pietro Coianiz X,;33017;TARCENTO ;(UD) ;    FRIULI VENEZIA GIULIA;0432-7807XX;46.21XXX 13.21XXX;info@federweb.com;
a.s.l. Aziende Sanitarie Locali;Ospedale -;Gervasutta,;33100;UDINE ;(UD) ;    FRIULI VENEZIA GIULIA;0432-553XX;46.05XXX 13.2XXX;info@federweb.com;
a.s.l. Aziende Sanitarie Locali;Ospedale Asfo;Centralino:,;33085;MANIAGO ;(PN) ;    FRIULI VENEZIA GIULIA;0427-7351XX;46.16XXX 12.70XXX;info@federweb.com;
a.s.l. Aziende Sanitarie Locali;Ospedale Cattinara Centralino;Piazza Ospedale X,;34100;TRIESTE ;(TS) ;    FRIULI VENEZIA GIULIA;040-39911XX;45.64XXX 13.78XXX;info@federweb.com;
a.s.l. Aziende Sanitarie Locali;Ospedale Gervasutta;Via Gervasutta XX,;33100;UDINE ;(UD) ;    FRIULI VENEZIA GIULIA;0432-553XX;46.05XXX 13.23XXX;info@federweb.com;
a.s.l. Aziende Sanitarie Locali;Palestra Mcfit;Via Giovanni Micesio XX,;33100;UDINE ;(UD) ;    FRIULI VENEZIA GIULIA;02-915731XX;46.06XXX 13.227XXX;info@federweb.com;
a.s.l. Aziende Sanitarie Locali;Palestra Mcfit;Via Puintat X,;33100;UDINE ;(UD) ;    FRIULI VENEZIA GIULIA;02-915731XX;46.094XXX 13.229XXX;info@federweb.com;
a.s.l. Aziende Sanitarie Locali;Petri Stefano;Via Basaldella XX, Zugliano-Terenzano-Cargnacco;33050;POZZUOLO DEL FRIULI ;(UD) ;    FRIULI VENEZIA GIULIA;0432-5618XX;46.02XXX 13.20XXX;info@federweb.com;
Medici Generici        a.s.l. Aziende Sanitarie Locali;Pivetta Gianni;Via Roveredo XX,;33080;PORCIA ;(PN) ;    FRIULI VENEZIA GIULIA;0434-0802XX;45.96XXX 12.61XXX;info@federweb.com;
a.s.l. Aziende Sanitarie Locali;Podrecca dr. Denis;Via Eugenio Curiel,;33050;TERZO D'AQUILEIA ;(UD) ;    FRIULI VENEZIA GIULIA;0431-309XX;45.8XXX 13.34XXX;info@federweb.com;
Medici Generici        a.s.l. Aziende Sanitarie Locali;Poser dr. Giuliano;Viale Trieste XX,;33077;SACILE ;(PN) ;    FRIULI VENEZIA GIULIA;0434-711XX;45.95XXX 12.5XXX;info@federweb.com;
Medici Generici        a.s.l. Aziende Sanitarie Locali;Poser Giuliano dr.;Viale Trieste XX,;33077;SACILE ;(PN) ;    FRIULI VENEZIA GIULIA;0434-711XX;45.95XXX 12.5XXX;info@federweb.com;
a.s.l. Aziende Sanitarie Locali;Potente dr. Doriana;Via Giuseppe Verdi XX,;34075;SAN CANZIAN D'ISONZO ;(GO) ;    FRIULI VENEZIA GIULIA;0481-4705XX;45.8XXX 13.46XXX;info@federweb.com;
a.s.l. Aziende Sanitarie Locali;Pozzi Luciano Vittorino;Via Madonna del Podgora X,;33048;SAN GIOVANNI AL NATISONE ;(UD) ;    FRIULI VENEZIA GIULIA;0432-7565XX;45.97XXX 13.40XXX;info@federweb.com;
Ospedali;Presidio Ospedaliero Sant'Antonio Abate;Via Gio Batta de Marchi XX,;33028;TOLMEZZO ;(UD) ;    FRIULI VENEZIA GIULIA;0433-48XX;46.40XXX 13.XXX;info@federweb.com;
a.s.l. Aziende Sanitarie Locali;Rizzuti dr. Gianfranco;Via Tavagnacco X,;33100;UDINE ;(UD) ;    FRIULI VENEZIA GIULIA;0432-5458XX;46.08XXX 13.23XXX;info@federweb.com;
a.s.l. Aziende Sanitarie Locali;Rossetti Francesco;Via Ettoreo X,;33077;SACILE ;(PN) ;    FRIULI VENEZIA GIULIA;0434-7345XX;45.95XXX 12.50XXX;info@federweb.com;
Ortopedia - Articoli;Sanitaria Ortopedica Avianese;Via Sacile, X/B,;33081;AVIANO ;(PN) ;    FRIULI VENEZIA GIULIA;0434-6522XX;46.069XXX 12.588XXX;info@federweb.com;
a.s.l. Aziende Sanitarie Locali;Sert - Dipartimento Delle Dipendenze;Piazzale Luigi Canestrini X,;34128;TRIESTE ;(TS) ;    FRIULI VENEZIA GIULIA;040-39973XX;45.6XXX 13.80XXX;info@federweb.com;
a.s.l. Aziende Sanitarie Locali;Sert - s.o.c. Struttura Operativa Complessa Per l'Alcologia;Via Carraria XX,;33043;CIVIDALE DEL FRIULI ;(UD) ;    FRIULI VENEZIA GIULIA;0432-17963XX;46.09XXX 13.44XXX;info@federweb.com;
a.s.l. Aziende Sanitarie Locali;Sert - Ser.t;Piazzale Luigi Canestrini X,;34128;TRIESTE ;(TS) ;    FRIULI VENEZIA GIULIA;040-39974XX;45.6XXX 13.80XXX;info@federweb.com;
a.s.l. Aziende Sanitarie Locali;Sert - Ser.t;Via Luigi Galvani X,;34074;MONFALCONE ;(GO) ;    FRIULI VENEZIA GIULIA;0481-4875XX;45.81XXX 13.51XXX;info@federweb.com;
a.s.l. Aziende Sanitarie Locali;Sert - Ser.t;Via Sabbionera XX,;33053;LATISANA ;(UD) ;    FRIULI VENEZIA GIULIA;0431-5294XX;45.76XXX 13.00XXX;info@federweb.com;
a.s.l. Aziende Sanitarie Locali;Sert - Ser.t;Via Papa Giovanni Xxiii X,;33028;TOLMEZZO ;(UD) ;    FRIULI VENEZIA GIULIA;0433-4883XX;46.40XXX 13.00XXX;info@federweb.com;
a.s.l. Aziende Sanitarie Locali;Sert - Ser.t;Via Battiferro X,;33013;GEMONA DEL FRIULI ;(UD) ;    FRIULI VENEZIA GIULIA;0432-9892XX;46.28XXX 13.12XXX;info@federweb.com;
a.s.l. Aziende Sanitarie Locali;Sert - Ser.t;Via Papa Giovanni Xxiii X,;33028;TOLMEZZO ;(UD) ;    FRIULI VENEZIA GIULIA;0433-4883XX;46.40XXX 13.00XXX;info@federweb.com;
a.s.l. Aziende Sanitarie Locali;Sert - Ser.t;Via Battiferro X,;33013;GEMONA DEL FRIULI ;(UD) ;    FRIULI VENEZIA GIULIA;0432-9892XX;46.28XXX 13.12XXX;info@federweb.com;
a.s.l. Aziende Sanitarie Locali;Sert - Ser.t;Via Interna X,;33170;PORDENONE ;(PN) ;    FRIULI VENEZIA GIULIA;0434-3731XX;45.96XXX 12.6XXX;info@federweb.com;
a.s.l. Aziende Sanitarie Locali;Servizio Igiene e Sanita' Pubblica;Via Piave XX,;33170;PORDENONE ;(PN) ;    FRIULI VENEZIA GIULIA;0434-5322XX;45.97XXX 12.6XXX;info@federweb.com;
a.s.l. Aziende Sanitarie Locali;Servizio Igiene e Sanita' Pubblica;Via Vittorio Veneto XXX,;34170;GORIZIA ;(GO) ;    FRIULI VENEZIA GIULIA;0481-5928XX;45.93XXX 13.63XXX;info@federweb.com;
a.s.l. Aziende Sanitarie Locali;Servizio Igiene e Sanita' Pubblica;Via Paolo de Ralli X,;34128;TRIESTE ;(TS) ;    FRIULI VENEZIA GIULIA;040-39974XX;45.65XXX 13.79XXX;info@federweb.com;
a.s.l. Aziende Sanitarie Locali;Servizio Vaccinazioni Pediatriche;Via Chiusaforte X,;33100;UDINE ;(UD) ;    FRIULI VENEZIA GIULIA;0432-5532XX;46.07XXX 13.22XXX;info@federweb.com;
a.s.l. Aziende Sanitarie Locali;Sorrentino dr. Maria Antonietta;Corso Italia XX,;34170;GORIZIA ;(GO) ;    FRIULI VENEZIA GIULIA;0481-5308XX;45.94XXX 13.6XXX;info@federweb.com;
a.s.l. Aziende Sanitarie Locali;Spanu dr. Marina;Via Flavia XX,;34148;TRIESTE ;(TS) ;    FRIULI VENEZIA GIULIA;040-8291XX;45.62XXX 13.80XXX;info@federweb.com;
a.s.l. Aziende Sanitarie Locali;Studio Dentistico Dott. Ciot Paolo;Via Vittorio Emanuele ii X,;33080;PRATA DI PORDENONE ;(PN) ;    FRIULI VENEZIA GIULIA;0434-6265XX;45.86XXX 12.57XXX;info@federweb.com;
a.s.l. Aziende Sanitarie Locali;Studio Medico Dott. Frasci Umberto;Viale Italia XX,;33054;LIGNANO SABBIADORO ;(UD) ;    FRIULI VENEZIA GIULIA;0431-7202XX;45.69XXX 13.14XXX;info@federweb.com;
a.s.l. Aziende Sanitarie Locali;Studio Medico Tramarin Ronald;Via Marco Tullio Cicerone XX,;34133;TRIESTE ;(TS) ;    FRIULI VENEZIA GIULIA;040-24190XX;45.65XXX 13.7XXX;info@federweb.com;
Medici Generici        a.s.l. Aziende Sanitarie Locali;Tam Giuseppe;Via Pal Piccolo XX,;33029;VILLA SANTINA ;(UD) ;    FRIULI VENEZIA GIULIA;0433-744XX;46.41XXX 12.92XXX;info@federweb.com;
a.s.l. Aziende Sanitarie Locali;Tomada dr. Rinaldo;Viale Leonardo da Vinci XXX,;33100;UDINE ;(UD) ;    FRIULI VENEZIA GIULIA;335-59565XX;46.07XXX 13.21XXX;info@federweb.com;
a.s.l. Aziende Sanitarie Locali;Tomat dr. Maria;Via Marco Volpe X,;33100;UDINE ;(UD) ;    FRIULI VENEZIA GIULIA;0432-5101XX;46.06XXX 13.22XXX;info@federweb.com;
a.s.l. Aziende Sanitarie Locali;Trovò dr. Daniela;Via Gemona XX,;33100;UDINE ;(UD) ;    FRIULI VENEZIA GIULIA;0432-5021XX;46.06XXX 13.23XXX;info@federweb.com;
a.s.l. Aziende Sanitarie Locali;Turisani dr. Maurizio;Via Gorizia X,;34071;CORMONS ;(GO) ;    FRIULI VENEZIA GIULIA;0481-615XX;45.95XXX 13.47XXX;info@federweb.com;
a.s.l. Aziende Sanitarie Locali;Ufficio Anagrafe Sanitaria Distretto n.2 (Gemonese, Canal Del Ferro, Val Canale);Piazza Rodolone,;33013;GEMONA DEL FRIULI ;(UD) ;    FRIULI VENEZIA GIULIA;0432-9893XX;46.2XXX 13.12XXX;info@federweb.com;
a.s.l. Aziende Sanitarie Locali;Ufficio Anagrafe Sanitaria Distretto n.3 (San Daniele);Via Trento Trieste,;33038;SAN DANIELE DEL FRIULI ;(UD) ;    FRIULI VENEZIA GIULIA;0432-9492XX;46.15XXX 13.00XXX;info@federweb.com;
a.s.l. Aziende Sanitarie Locali;Urp Aas 3 di Alto Friuli  Collinare  Medio Friuli;Piazzetta Portuzza X,;33013;GEMONA DEL FRIULI ;(UD) ;    FRIULI VENEZIA GIULIA;0432-9894XX;46.27XXX 13.14XXX;info@federweb.com;
a.s.l. Aziende Sanitarie Locali;Urp Aas 3 di Alto Friuli  Collinare  Medio Friuli Dell' Ospedale Sant'Antonio;Viale Trento Trieste XX,;33038;SAN DANIELE DEL FRIULI ;(UD) ;    FRIULI VENEZIA GIULIA;0432-8060XX;46.15XXX 13.00XXX;info@federweb.com;
Ospedali;Urp Aas 3 di Alto Friuli  Collinare  Medio Friuli Dell' Ospedale Sant'Antonio ab;Via Gio Batta Morgagni XX,;33028;TOLMEZZO ;(UD) ;    FRIULI VENEZIA GIULIA;0432-9894XX;46.40XXX 13.00XXX;info@federweb.com;
a.s.l. Aziende Sanitarie Locali;Urp Ass 2 di Bassa Friulana - Isontina Dell' Ospedale San Polo;Via Luigi Galvani X,;34074;MONFALCONE ;(GO) ;    FRIULI VENEZIA GIULIA;0481-5925XX;45.81XXX 13.51XXX;info@federweb.com;
a.s.l. Aziende Sanitarie Locali;Urp Asugi di Trieste;Via Giovanni Sai X,;34128;TRIESTE ;(TS) ;    FRIULI VENEZIA GIULIA;XX;45.65XXX 13.8XXX;info@federweb.com;
a.s.l. Aziende Sanitarie Locali;Urp Asui di Udine;Via Carraria XX,;33043;CIVIDALE DEL FRIULI ;(UD) ;    FRIULI VENEZIA GIULIA;0432-17963XX;46.09XXX 13.44XXX;info@federweb.com;
a.s.l. Aziende Sanitarie Locali;Urp Asui di Udine Dell' a. o. Universitaria Santa Maria Della Misericordia di ud;Piazzale Santa Maria della Misericordia XX,;33100;UDINE ;(UD) ;    FRIULI VENEZIA GIULIA;0432-5527XX;46.XXX 13.22XXX;info@federweb.com;
